Date;RH;Tmin;year;DOY;RAD;Rain;Pressure;WindSpeed;Tmax;Tair;
01/01/13;74.72;16.22;2013;1;15.76;0.0;903.9;1.32;27.11;20.89;
02/01/13;70.77;16.53;2013;2;19.18;0.01;903.3;1.01;27.62;21.04;
03/01/13;73.86;16.42;2013;3;17.87;0.02;904.2;1.34;27.53;21.21;
04/01/13;70.68;17.51;2013;4;17.94;0.33;905.2;1.58;26.96;21.1;
05/01/13;74.3;16.19;2013;5;15.01;0.98;905.4;1.86;27.33;21.03;
06/01/13;72.28;16.86;2013;6;17.22;0.94;904.7;1.79;27.05;21.06;
07/01/13;76.55;17.02;2013;7;12.8;0.93;903.6;2.16;27.17;21.06;
08/01/13;73.89;16.7;2013;8;11.2;0.55;903.1;1.71;27.33;21.0;
09/01/13;73.49;16.58;2013;9;13.13;0.33;904.0;1.29;28.51;21.86;
10/01/13;68.21;16.28;2013;10;20.1;0.14;904.5;1.6;28.82;21.68;
11/01/13;74.46;16.51;2013;11;15.12;0.35;903.8;1.61;27.82;21.46;
12/01/13;67.7;16.9;2013;12;21.08;0.19;902.9;1.13;28.49;21.79;
13/01/13;63.09;16.57;2013;13;19.61;0.0;902.9;0.73;29.17;21.67;
14/01/13;61.63;15.12;2013;14;20.99;0.0;903.8;0.98;28.38;20.78;
15/01/13;67.85;15.21;2013;15;19.0;0.06;903.3;1.05;28.47;21.28;
16/01/13;61.38;14.84;2013;16;15.49;0.26;903.8;0.93;28.95;21.41;
17/01/13;70.05;16.04;2013;17;15.15;0.7;905.8;2.83;25.82;19.88;
18/01/13;77.82;13.3;2013;18;10.87;1.96;907.0;4.27;20.55;16.1;
19/01/13;77.93;12.13;2013;19;12.74;1.1;906.1;3.65;20.62;15.43;
20/01/13;76.35;13.51;2013;20;10.95;1.12;905.2;2.97;24.76;18.06;
21/01/13;74.28;15.27;2013;21;11.83;1.51;904.8;2.59;26.16;19.45;
22/01/13;71.48;15.29;2013;22;14.58;0.52;905.8;2.7;26.7;20.0;
23/01/13;69.21;15.38;2013;23;15.51;0.69;907.5;2.39;26.92;20.38;
24/01/13;74.86;15.78;2013;24;9.56;3.21;907.3;2.53;26.13;19.7;
25/01/13;73.65;15.54;2013;25;13.55;3.55;906.5;2.58;26.21;19.58;
26/01/13;69.67;15.76;2013;26;13.75;0.48;905.9;2.21;27.52;20.55;
27/01/13;67.38;16.14;2013;27;20.01;0.07;905.9;1.79;28.61;21.54;
28/01/13;64.68;16.01;2013;28;19.15;0.02;906.2;1.48;29.28;21.89;
29/01/13;61.28;16.06;2013;29;20.95;0.0;904.9;1.03;30.01;22.35;
30/01/13;56.96;16.26;2013;30;22.34;0.0;903.3;0.76;31.2;22.8;
31/01/13;64.08;15.38;2013;31;18.59;0.38;904.9;2.46;27.91;20.93;
01/02/13;68.28;16.4;2013;32;17.02;1.88;905.8;2.84;27.84;21.02;
02/02/13;66.2;15.91;2013;33;17.57;0.94;905.5;2.04;28.34;21.2;
03/02/13;68.6;15.35;2013;34;16.71;1.37;905.4;2.63;27.33;20.49;
04/02/13;63.37;14.83;2013;35;19.71;0.42;904.1;1.43;28.5;21.15;
05/02/13;61.94;16.59;2013;36;21.71;0.0;903.8;0.58;30.48;22.89;
06/02/13;58.8;17.46;2013;37;19.67;0.0;904.1;0.91;31.42;23.44;
07/02/13;57.14;16.87;2013;38;21.89;0.0;903.8;0.95;31.69;23.39;
08/02/13;55.7;16.66;2013;39;21.69;0.0;904.4;0.95;31.2;22.89;
09/02/13;54.59;16.57;2013;40;22.95;0.0;905.0;1.79;30.32;22.18;
10/02/13;51.53;15.82;2013;41;23.59;0.0;905.3;1.34;30.67;22.12;
11/02/13;52.3;15.35;2013;42;23.44;0.0;905.1;1.11;31.63;22.78;
12/02/13;51.92;16.59;2013;43;23.12;0.0;904.5;1.14;31.47;23.15;
13/02/13;54.52;16.68;2013;44;20.57;0.0;903.0;1.0;31.44;23.35;
14/02/13;61.26;16.17;2013;45;18.44;0.01;903.4;0.63;29.94;22.65;
15/02/13;64.64;17.33;2013;46;16.42;0.36;903.1;0.79;30.24;22.8;
16/02/13;65.04;16.73;2013;47;11.89;2.25;904.7;2.55;29.49;21.69;
17/02/13;71.76;15.38;2013;48;12.66;2.91;905.8;4.5;24.04;18.29;
18/02/13;60.73;13.83;2013;49;22.4;0.39;904.9;2.69;29.1;20.33;
19/02/13;62.11;15.83;2013;50;21.64;0.08;903.9;2.04;30.81;22.47;
20/02/13;58.57;16.48;2013;51;20.68;0.21;903.1;1.77;30.5;22.6;
21/02/13;51.23;16.84;2013;52;24.17;0.0;902.3;1.16;32.65;23.84;
22/02/13;48.85;16.67;2013;53;23.82;0.0;902.7;1.01;32.85;23.72;
23/02/13;47.85;15.61;2013;54;24.62;0.0;902.1;0.89;32.85;23.46;
24/02/13;50.51;16.71;2013;55;24.18;0.0;901.6;0.89;33.19;24.16;
25/02/13;64.74;17.38;2013;56;23.56;0.0;900.2;1.79;31.39;23.26;
26/02/13;55.67;16.03;2013;57;23.26;0.0;901.2;0.81;33.68;24.3;
27/02/13;56.93;19.24;2013;58;22.25;0.0;902.3;0.91;33.83;25.32;
28/02/13;58.71;18.3;2013;59;21.57;0.08;902.7;1.23;31.89;24.07;
01/03/13;65.93;16.44;2013;60;11.48;1.66;902.7;2.26;27.69;20.96;
02/03/13;74.21;13.04;2013;61;10.81;1.69;905.5;4.25;21.38;16.7;
03/03/13;51.84;10.98;2013;62;11.82;0.02;906.5;4.69;22.65;15.87;
04/03/13;53.93;11.01;2013;63;24.75;0.0;905.8;2.56;25.42;17.62;
05/03/13;49.7;13.25;2013;64;23.88;0.0;904.7;0.65;31.58;21.63;
06/03/13;62.66;16.02;2013;65;20.27;0.04;906.4;2.69;25.28;20.25;
07/03/13;52.45;14.41;2013;66;23.03;0.04;906.3;3.47;29.23;20.36;
08/03/13;48.15;13.17;2013;67;25.55;0.04;904.9;2.67;31.81;21.18;
09/03/13;45.05;15.05;2013;68;25.54;0.15;904.0;1.7;32.57;22.62;
10/03/13;49.02;16.13;2013;69;25.11;0.0;901.9;1.29;33.54;24.05;
11/03/13;53.28;17.17;2013;70;25.14;0.01;902.2;0.72;33.68;24.7;
12/03/13;61.94;18.6;2013;71;12.4;0.36;903.5;1.76;32.01;24.27;
13/03/13;70.03;17.47;2013;72;9.4;2.32;905.0;2.98;28.95;22.21;
14/03/13;70.51;15.73;2013;73;11.5;1.48;905.4;4.67;24.63;19.16;
15/03/13;68.81;14.87;2013;74;13.54;2.12;905.1;4.02;25.99;19.06;
16/03/13;55.06;15.36;2013;75;22.73;0.09;903.9;2.07;31.12;22.43;
17/03/13;57.53;17.12;2013;76;24.64;0.0;903.8;1.1;32.54;24.34;
18/03/13;54.27;17.22;2013;77;25.66;0.0;903.4;1.37;34.44;25.37;
19/03/13;54.27;18.25;2013;78;25.03;0.12;902.9;0.84;34.69;25.85;
20/03/13;58.65;19.19;2013;79;22.26;0.42;902.4;1.08;33.23;25.51;
21/03/13;61.58;19.75;2013;80;20.36;0.69;902.0;0.52;32.13;24.86;
22/03/13;62.98;19.11;2013;81;23.02;0.13;902.7;1.56;32.27;24.86;
23/03/13;59.36;18.14;2013;82;24.23;0.06;902.3;1.89;32.87;24.69;
24/03/13;55.33;17.2;2013;83;26.42;0.01;900.8;1.79;35.08;25.3;
25/03/13;58.63;18.65;2013;84;18.4;2.17;901.4;0.67;33.99;25.62;
26/03/13;72.13;19.65;2013;85;9.62;4.08;904.2;2.87;28.48;22.94;
27/03/13;69.25;17.26;2013;86;12.81;7.54;906.1;4.05;28.55;21.73;
28/03/13;62.52;15.92;2013;87;19.87;0.72;906.2;3.62;28.92;21.09;
29/03/13;52.55;15.4;2013;88;26.59;0.0;906.1;3.45;30.34;21.33;
30/03/13;51.02;15.17;2013;89;26.25;0.0;905.0;2.14;32.05;22.87;
31/03/13;54.88;17.39;2013;90;25.71;0.0;903.7;1.58;32.62;24.53;
01/04/13;53.2;18.78;2013;91;25.29;0.71;903.4;0.92;34.89;26.14;
02/04/13;56.93;19.75;2013;92;22.95;2.36;903.5;0.95;34.11;26.02;
03/04/13;57.32;19.19;2013;93;24.43;0.96;902.9;1.58;34.22;25.83;
04/04/13;59.51;20.1;2013;94;21.99;0.62;903.5;0.88;32.71;25.68;
05/04/13;64.43;20.0;2013;95;16.6;1.47;904.4;1.83;31.2;24.61;
06/04/13;61.89;18.07;2013;96;16.09;0.95;904.5;2.01;31.38;23.76;
07/04/13;53.14;18.25;2013;97;24.85;0.05;903.3;0.75;34.04;25.42;
08/04/13;53.36;19.41;2013;98;22.85;0.09;902.4;1.04;34.17;25.97;
09/04/13;55.8;19.33;2013;99;21.56;0.0;902.0;1.2;34.45;25.98;
10/04/13;59.5;19.83;2013;100;23.24;0.0;901.6;1.96;33.61;25.79;
11/04/13;60.14;19.8;2013;101;24.72;0.01;900.6;2.12;33.32;25.54;
12/04/13;56.44;19.16;2013;102;25.4;0.93;900.9;1.18;34.77;26.31;
13/04/13;58.8;20.85;2013;103;21.25;0.88;901.0;1.08;33.9;26.53;
14/04/13;54.45;19.96;2013;104;24.58;0.0;901.2;1.43;35.08;26.76;
15/04/13;55.7;20.57;2013;105;22.49;0.0;902.2;1.29;33.61;26.31;
16/04/13;52.85;19.68;2013;106;22.19;0.0;902.8;0.76;33.77;26.52;
17/04/13;52.69;21.38;2013;107;21.6;1.14;902.4;0.86;34.64;26.98;
18/04/13;66.59;19.52;2013;108;20.58;7.55;901.7;1.27;31.98;24.73;
19/04/13;71.0;20.69;2013;109;22.72;3.24;902.8;1.04;29.71;24.19;
20/04/13;69.13;19.9;2013;110;16.13;3.0;903.9;0.69;30.46;24.31;
21/04/13;63.74;19.56;2013;111;17.46;0.27;904.8;1.01;31.55;24.92;
22/04/13;60.27;20.04;2013;112;21.72;1.57;904.2;0.8;32.2;25.42;
23/04/13;63.25;19.52;2013;113;24.26;1.82;903.4;0.96;31.06;24.66;
24/04/13;55.45;19.23;2013;114;22.73;0.04;903.8;0.83;33.28;25.55;
25/04/13;56.59;19.47;2013;115;22.16;0.06;905.0;1.89;32.63;25.15;
26/04/13;57.09;18.75;2013;116;20.94;0.12;906.2;2.5;31.95;24.19;
27/04/13;50.31;18.21;2013;117;26.47;0.01;904.6;1.14;33.24;24.95;
28/04/13;62.66;19.19;2013;118;23.54;0.84;902.6;0.99;30.63;24.15;
29/04/13;69.89;20.0;2013;119;18.5;2.74;901.9;1.21;29.65;23.6;
30/04/13;66.34;19.19;2013;120;18.72;1.04;902.3;1.57;30.81;24.13;
01/05/13;64.22;19.5;2013;121;21.95;0.91;902.8;1.8;31.74;24.61;
02/05/13;59.85;19.12;2013;122;21.59;9.67;902.4;1.36;34.23;25.44;
03/05/13;73.14;19.61;2013;123;20.32;11.45;903.2;1.14;29.09;23.06;
04/05/13;64.93;17.57;2013;124;21.88;0.08;903.6;1.45;29.95;23.16;
05/05/13;60.52;18.24;2013;125;24.64;3.3;904.2;0.78;32.22;24.41;
06/05/13;69.31;18.95;2013;126;21.44;7.02;905.2;0.45;30.17;23.92;
07/05/13;65.6;19.17;2013;127;21.78;2.42;905.5;0.66;29.97;24.04;
08/05/13;60.19;19.13;2013;128;22.23;0.03;905.9;0.79;31.97;24.77;
09/05/13;57.46;18.27;2013;129;26.62;1.82;905.7;1.11;33.11;25.0;
10/05/13;66.81;19.03;2013;130;24.15;8.52;904.7;0.81;32.33;24.81;
11/05/13;72.84;19.9;2013;131;23.53;9.35;903.6;0.75;30.71;24.53;
12/05/13;67.44;20.85;2013;132;18.21;1.99;902.9;0.88;30.3;24.41;
13/05/13;64.74;19.32;2013;133;18.67;0.66;904.5;2.13;30.91;23.84;
14/05/13;59.23;18.32;2013;134;25.05;0.02;905.3;2.84;31.08;23.4;
15/05/13;56.66;17.41;2013;135;24.9;0.01;904.9;2.53;31.54;23.71;
16/05/13;56.21;18.15;2013;136;25.21;0.0;903.8;1.1;32.57;24.76;
17/05/13;61.12;18.97;2013;137;21.6;0.0;903.8;0.7;32.34;25.11;
18/05/13;58.39;19.5;2013;138;21.56;0.08;903.9;0.61;32.91;25.85;
19/05/13;62.77;20.19;2013;139;22.52;1.11;903.3;0.97;32.19;25.61;
20/05/13;69.13;20.06;2013;140;16.87;1.92;902.7;0.9;31.53;24.87;
21/05/13;72.98;20.4;2013;141;20.67;3.63;901.9;1.38;29.97;24.28;
22/05/13;82.43;19.64;2013;142;17.76;10.68;901.9;0.88;26.49;22.4;
23/05/13;67.95;18.56;2013;143;16.51;6.18;902.7;0.71;29.94;23.74;
24/05/13;77.66;19.34;2013;144;19.68;9.71;903.6;1.03;28.59;22.97;
25/05/13;69.74;19.12;2013;145;13.33;4.25;904.2;1.26;30.49;23.82;
26/05/13;78.29;19.57;2013;146;13.78;6.19;904.4;1.0;27.02;22.57;
27/05/13;81.78;19.57;2013;147;11.82;27.2;904.0;0.66;26.74;22.26;
28/05/13;84.35;19.58;2013;148;18.13;15.65;903.1;0.63;26.36;22.19;
29/05/13;85.96;19.16;2013;149;16.78;8.81;902.9;0.83;25.14;21.87;
30/05/13;78.45;19.04;2013;150;18.09;4.26;902.2;1.08;28.34;22.94;
31/05/13;84.73;19.32;2013;151;23.47;4.23;901.7;1.43;27.17;22.26;
01/06/13;81.61;19.4;2013;152;21.09;1.42;902.6;1.66;27.35;22.48;
02/06/13;77.96;18.82;2013;153;22.33;0.8;902.4;1.22;28.08;22.75;
03/06/13;82.1;19.42;2013;154;14.48;2.25;902.0;1.08;26.73;22.5;
04/06/13;82.35;19.15;2013;155;15.16;3.93;902.4;1.07;27.08;22.42;
05/06/13;76.37;19.19;2013;156;20.74;0.79;902.3;1.46;28.56;23.15;
06/06/13;72.72;18.83;2013;157;22.67;4.69;901.6;0.95;30.35;23.65;
07/06/13;83.5;19.36;2013;158;16.36;11.14;902.1;0.91;27.24;22.92;
08/06/13;80.85;20.31;2013;159;17.14;3.97;902.7;0.66;27.56;23.27;
09/06/13;70.75;19.35;2013;160;24.12;3.38;903.0;0.93;28.88;23.7;
10/06/13;77.58;19.46;2013;161;21.01;6.96;903.3;1.08;29.06;23.36;
11/06/13;78.55;19.98;2013;162;23.12;3.67;904.4;1.09;28.27;23.39;
12/06/13;77.35;19.15;2013;163;23.33;4.41;904.9;1.23;29.04;23.28;
13/06/13;82.58;20.43;2013;164;20.63;7.55;904.1;0.94;27.22;22.98;
14/06/13;77.17;18.83;2013;165;20.03;8.1;902.8;0.91;28.31;23.07;
15/06/13;76.0;19.23;2013;166;24.57;2.69;903.3;1.27;29.0;23.39;
16/06/13;80.11;19.12;2013;167;16.85;5.49;903.5;1.4;26.98;22.51;
17/06/13;84.16;17.68;2013;168;15.05;7.37;902.1;1.12;26.39;21.71;
18/06/13;79.27;19.17;2013;169;18.32;5.33;902.3;0.95;28.41;23.23;
19/06/13;77.87;19.36;2013;170;18.97;2.82;901.6;0.89;28.55;23.5;
20/06/13;85.3;20.12;2013;171;19.38;6.36;902.8;0.95;25.8;22.46;
21/06/13;88.97;19.56;2013;172;16.56;6.13;903.8;1.04;24.49;21.77;
22/06/13;76.01;17.84;2013;173;17.74;1.85;904.2;1.21;27.8;22.05;
23/06/13;74.67;17.73;2013;174;22.06;1.07;904.2;1.53;28.02;22.31;
24/06/13;78.22;18.11;2013;175;19.94;2.41;905.2;1.28;27.94;22.61;
25/06/13;77.15;18.94;2013;176;24.61;6.56;905.2;1.28;27.89;22.71;
26/06/13;72.45;18.69;2013;177;21.73;0.96;904.9;0.95;26.81;22.22;
27/06/13;80.05;18.57;2013;178;24.29;0.97;904.6;0.75;26.52;22.32;
28/06/13;79.04;19.17;2013;179;21.29;10.18;903.1;0.78;27.99;22.89;
29/06/13;90.75;19.89;2013;180;17.44;17.21;902.4;0.7;24.31;21.53;
30/06/13;88.81;19.22;2013;181;17.65;15.13;902.5;0.84;25.44;21.43;
01/07/13;88.13;18.63;2013;182;15.51;10.28;902.9;1.04;24.86;21.16;
02/07/13;82.84;18.1;2013;183;17.0;9.23;903.8;0.91;26.77;21.92;
03/07/13;86.61;19.54;2013;184;17.54;11.21;904.2;1.08;26.14;22.06;
04/07/13;87.18;19.21;2013;185;16.34;9.31;904.8;0.93;25.33;21.92;
05/07/13;84.69;19.16;2013;186;24.68;11.9;903.9;0.86;26.66;22.29;
06/07/13;82.77;17.66;2013;187;15.14;3.7;903.1;1.11;26.75;21.78;
07/07/13;74.5;16.81;2013;188;26.05;0.09;903.0;0.88;27.88;21.99;
08/07/13;80.66;18.31;2013;189;21.27;1.92;904.6;1.17;27.27;22.32;
09/07/13;81.34;19.94;2013;190;21.35;2.15;905.0;1.02;27.27;22.78;
10/07/13;82.76;19.29;2013;191;20.8;7.88;904.7;0.88;26.97;22.48;
11/07/13;82.64;18.23;2013;192;21.89;8.99;904.0;1.02;26.04;21.6;
12/07/13;86.87;18.2;2013;193;17.15;13.54;903.7;0.76;25.14;20.92;
13/07/13;89.39;18.85;2013;194;14.57;15.19;903.4;0.6;24.68;21.48;
14/07/13;86.82;19.25;2013;195;19.89;4.55;903.1;0.73;25.3;21.78;
15/07/13;75.72;18.41;2013;196;25.31;0.25;902.5;0.86;27.87;22.78;
16/07/13;80.27;18.92;2013;197;20.33;0.56;903.3;0.97;27.42;22.85;
17/07/13;82.49;19.29;2013;198;22.6;2.31;904.1;1.15;27.5;22.86;
18/07/13;83.38;19.4;2013;199;20.235;9.45;904.3;1.06;27.14;22.64;
19/07/13;84.56;18.35;2013;200;17.87;7.54;904.5;1.13;25.28;21.53;
20/07/13;81.83;17.86;2013;201;17.24;2.5;904.2;1.26;25.76;21.31;
21/07/13;80.83;17.74;2013;202;20.91;1.01;904.3;1.38;26.06;21.26;
22/07/13;77.56;16.48;2013;203;19.74;0.26;904.9;1.39;27.05;21.56;
23/07/13;81.4;18.45;2013;204;14.71;0.72;904.4;0.98;26.69;22.27;
24/07/13;81.23;18.71;2013;205;20.32;0.45;903.3;1.54;27.2;22.27;
25/07/13;77.44;18.52;2013;206;23.57;0.54;904.7;1.54;28.16;22.8;
26/07/13;74.11;18.55;2013;207;24.44;1.0;906.0;1.69;28.48;22.85;
27/07/13;74.61;18.73;2013;208;26.22;0.14;905.1;1.5;27.92;22.59;
28/07/13;75.84;17.64;2013;209;25.14;2.64;904.3;1.0;28.59;22.77;
29/07/13;80.88;18.99;2013;210;19.98;4.69;905.4;1.22;27.67;22.72;
30/07/13;76.94;18.44;2013;211;20.55;0.36;906.2;1.1;28.34;23.02;
31/07/13;73.87;18.7;2013;212;24.55;1.73;905.7;1.21;28.72;23.07;
01/08/13;76.44;18.48;2013;213;24.21;4.04;904.4;1.03;28.46;22.72;
02/08/13;72.5;18.25;2013;214;27.29;1.99;904.2;1.05;29.09;23.15;
03/08/13;77.36;18.22;2013;215;14.64;0.79;905.4;1.24;25.3;21.84;
04/08/13;72.19;18.38;2013;216;22.97;1.95;904.9;1.75;27.71;22.36;
05/08/13;78.86;19.03;2013;217;20.66;2.85;904.7;1.42;28.17;22.59;
06/08/13;68.57;18.37;2013;218;26.66;0.17;904.8;1.29;29.93;23.43;
07/08/13;63.46;17.45;2013;219;26.35;0.08;904.2;0.99;30.06;23.48;
08/08/13;70.01;18.34;2013;220;25.02;1.75;902.8;0.56;29.7;23.68;
09/08/13;82.61;19.1;2013;221;21.94;6.39;902.7;0.82;26.94;22.5;
10/08/13;77.44;19.52;2013;222;22.23;2.59;903.5;0.6;28.36;23.25;
11/08/13;81.59;19.26;2013;223;18.99;4.59;903.8;0.73;26.99;22.6;
12/08/13;84.27;19.27;2013;224;17.32;6.87;903.3;0.91;26.64;21.96;
13/08/13;78.07;17.69;2013;225;14.94;3.1;903.0;1.27;27.61;21.9;
14/08/13;78.17;17.94;2013;226;21.28;3.11;902.0;0.94;28.37;22.52;
15/08/13;86.23;19.33;2013;227;15.35;1.93;902.5;0.69;25.29;21.77;
16/08/13;76.16;19.35;2013;228;21.53;4.73;902.8;0.87;29.54;23.47;
17/08/13;82.86;19.15;2013;229;20.61;7.75;902.8;1.03;28.11;22.76;
18/08/13;82.43;18.83;2013;230;20.69;2.93;903.8;0.88;27.53;22.44;
19/08/13;80.58;19.3;2013;231;21.45;3.03;902.8;0.66;27.62;22.91;
20/08/13;73.55;19.16;2013;232;23.13;1.67;902.8;0.94;28.93;23.44;
21/08/13;78.84;19.0;2013;233;20.5;7.98;903.6;1.24;28.36;22.92;
22/08/13;80.74;18.47;2013;234;19.76;9.84;902.5;1.48;27.93;22.34;
23/08/13;88.17;18.87;2013;235;11.42;25.56;900.7;0.72;26.11;21.69;
24/08/13;90.02;19.05;2013;236;13.16;15.74;902.9;1.43;24.97;21.15;
25/08/13;84.43;18.68;2013;237;20.81;2.43;904.6;1.08;27.07;22.07;
26/08/13;74.63;17.24;2013;238;25.63;0.13;904.6;0.81;28.03;22.3;
27/08/13;83.0;18.64;2013;239;19.27;7.52;903.3;1.08;26.67;22.33;
28/08/13;84.46;18.47;2013;240;15.88;9.55;903.7;0.78;25.86;21.47;
29/08/13;83.18;17.65;2013;241;19.46;6.53;904.2;0.83;27.1;22.1;
30/08/13;86.87;19.15;2013;242;18.78;8.45;903.5;0.7;26.23;22.2;
31/08/13;87.26;19.64;2013;243;16.44;10.72;902.6;0.45;26.19;22.19;
01/09/13;85.49;19.35;2013;244;20.48;13.47;902.6;0.97;27.14;22.1;
02/09/13;88.04;18.57;2013;245;13.81;9.15;904.1;1.03;23.92;20.69;
03/09/13;86.04;17.41;2013;246;23.66;16.93;903.6;0.61;25.78;21.33;
04/09/13;86.14;18.36;2013;247;18.36;10.46;903.5;0.8;26.5;21.82;
05/09/13;83.54;18.98;2013;248;23.2;1.24;903.7;0.72;27.06;22.23;
06/09/13;83.18;17.98;2013;249;22.18;14.99;903.1;0.71;27.52;22.42;
07/09/13;90.9;19.76;2013;250;19.3;28.07;902.3;0.42;24.51;21.75;
08/09/13;90.45;18.32;2013;251;12.57;9.89;902.0;1.01;24.42;21.04;
09/09/13;86.24;18.56;2013;252;17.41;3.72;902.4;0.93;26.52;22.01;
10/09/13;92.47;19.49;2013;253;16.41;9.05;902.2;0.94;24.05;21.47;
11/09/13;90.71;18.36;2013;254;11.55;3.98;901.9;1.47;24.33;20.73;
12/09/13;91.41;18.92;2013;255;11.56;11.21;901.1;1.33;23.57;20.65;
13/09/13;86.37;17.68;2013;256;20.5;3.82;899.8;0.87;25.73;21.12;
14/09/13;83.59;18.03;2013;257;19.94;5.54;900.6;0.85;25.78;21.75;
15/09/13;89.58;19.55;2013;258;14.81;11.75;901.8;0.67;26.07;22.15;
16/09/13;89.57;19.88;2013;259;16.1;6.54;902.0;0.93;25.14;22.09;
17/09/13;86.69;18.94;2013;260;14.2;6.01;901.1;0.68;26.37;22.19;
18/09/13;88.15;18.98;2013;261;17.62;6.27;901.4;1.09;25.88;21.89;
19/09/13;88.82;18.69;2013;262;22.41;4.69;902.2;1.14;25.61;21.58;
20/09/13;89.44;18.69;2013;263;15.68;5.01;902.4;0.99;24.95;21.32;
21/09/13;92.1;19.06;2013;264;11.27;5.39;901.4;1.07;23.63;20.89;
22/09/13;87.08;18.51;2013;265;14.45;1.57;901.3;1.05;25.9;21.68;
23/09/13;86.87;18.22;2013;266;12.75;4.13;902.8;0.85;25.63;21.37;
24/09/13;83.68;18.77;2013;267;20.38;1.45;902.9;0.75;25.33;21.76;
25/09/13;85.97;19.05;2013;268;21.8;0.2;901.9;0.81;26.79;22.57;
26/09/13;84.8;19.54;2013;269;23.52;3.66;902.3;0.88;27.29;22.8;
27/09/13;76.44;19.16;2013;270;21.26;5.62;903.2;0.75;27.32;22.44;
28/09/13;86.3;18.27;2013;271;17.06;4.21;904.4;0.65;25.19;21.14;
29/09/13;83.45;19.05;2013;272;22.61;7.65;903.7;0.44;26.37;22.13;
30/09/13;82.56;18.11;2013;273;19.2;0.91;903.4;0.82;26.78;21.73;
01/10/13;82.09;17.4;2013;274;24.33;0.02;902.9;0.64;27.43;21.92;
02/10/13;86.7;18.13;2013;275;22.35;3.27;902.1;0.87;26.18;21.88;
03/10/13;81.23;18.01;2013;276;16.81;4.06;902.6;0.99;27.15;22.07;
04/10/13;83.49;17.53;2013;277;22.02;0.22;903.2;0.8;27.35;22.17;
05/10/13;82.69;19.13;2013;278;20.71;2.02;902.8;0.7;28.03;22.92;
06/10/13;90.03;19.2;2013;279;18.22;12.58;903.1;1.02;25.9;21.99;
07/10/13;89.13;19.08;2013;280;17.17;13.73;903.5;0.69;25.42;21.64;
08/10/13;87.24;18.67;2013;281;20.12;14.01;903.8;0.85;25.48;21.64;
09/10/13;85.5;18.68;2013;282;18.2;12.55;903.8;0.86;25.93;21.56;
10/10/13;84.06;17.88;2013;283;21.68;1.96;903.4;1.21;27.34;22.0;
11/10/13;79.6;17.51;2013;284;18.91;5.86;903.2;0.89;27.56;21.72;
12/10/13;80.21;16.32;2013;285;21.35;8.19;903.3;0.8;27.19;21.53;
13/10/13;84.47;17.94;2013;286;21.19;6.04;903.4;1.14;26.54;21.69;
14/10/13;84.13;17.28;2013;287;21.08;2.11;902.9;1.11;25.81;21.08;
15/10/13;85.98;17.46;2013;288;14.4;2.77;902.7;0.78;26.29;21.44;
16/10/13;88.5;19.13;2013;289;16.78;6.78;902.8;0.72;26.91;22.13;
17/10/13;89.04;19.23;2013;290;19.15;9.31;902.9;1.04;25.22;21.6;
18/10/13;86.99;18.2;2013;291;17.07;5.34;902.8;0.66;26.33;21.89;
19/10/13;85.86;19.48;2013;292;20.54;5.51;903.2;0.77;26.26;22.17;
20/10/13;88.13;18.96;2013;293;17.42;12.27;902.8;0.88;26.05;21.82;
21/10/13;84.78;19.15;2013;294;19.16;9.86;903.2;0.81;26.06;21.77;
22/10/13;86.21;19.05;2013;295;19.19;2.54;902.7;0.89;26.34;21.87;
23/10/13;83.53;18.19;2013;296;16.44;4.61;902.1;0.76;25.77;21.67;
24/10/13;87.34;18.38;2013;297;16.44;4.17;903.0;0.96;25.3;21.37;
25/10/13;89.12;18.15;2013;298;12.75;4.98;903.4;0.95;25.4;21.05;
26/10/13;87.25;17.13;2013;299;14.135;8.55;902.9;0.81;25.9;21.05;
27/10/13;87.83;18.09;2013;300;15.52;11.6;902.5;0.67;25.99;21.36;
28/10/13;88.52;18.17;2013;301;14.5;3.27;903.2;1.0;26.11;21.52;
29/10/13;86.5;17.9;2013;302;15.08;1.55;904.3;1.34;25.97;21.47;
30/10/13;85.62;18.36;2013;303;20.05;1.03;904.0;1.01;26.48;21.98;
31/10/13;84.96;18.26;2013;304;17.55;0.82;903.2;0.86;26.96;22.31;
01/11/13;84.38;18.6;2013;305;19.81;1.76;902.7;0.87;27.43;22.35;
02/11/13;79.84;16.5;2013;306;20.92;0.33;903.2;0.68;26.99;21.43;
03/11/13;81.71;16.95;2013;307;20.3;0.25;903.7;0.83;25.44;20.51;
04/11/13;79.97;16.03;2013;308;14.31;2.54;903.6;0.78;25.62;20.23;
05/11/13;83.57;16.15;2013;309;18.73;0.85;902.8;0.9;25.9;20.38;
06/11/13;84.49;16.42;2013;310;20.25;1.52;903.3;0.75;26.58;21.18;
07/11/13;88.01;17.54;2013;311;10.92;3.72;903.5;1.54;25.14;20.71;
08/11/13;89.04;18.04;2013;312;12.08;3.07;902.6;1.77;24.6;20.67;
09/11/13;90.65;16.7;2013;313;13.49;3.82;902.6;1.28;24.76;20.26;
10/11/13;87.26;17.96;2013;314;13.49;6.06;903.6;1.3;25.6;21.16;
11/11/13;85.65;18.31;2013;315;12.75;3.68;903.5;1.42;25.67;21.05;
12/11/13;83.34;17.9;2013;316;19.05;1.3;903.0;1.44;26.25;21.3;
13/11/13;85.14;17.9;2013;317;19.1;2.54;903.1;1.82;25.47;20.89;
14/11/13;86.2;18.13;2013;318;17.69;5.66;903.1;1.47;25.48;20.97;
15/11/13;85.91;18.11;2013;319;12.17;4.29;902.6;0.98;25.82;21.22;
16/11/13;79.92;16.35;2013;320;17.73;0.29;902.9;0.99;26.31;20.81;
17/11/13;80.27;17.13;2013;321;19.71;0.03;903.1;0.95;26.71;21.34;
18/11/13;84.83;17.62;2013;322;17.78;0.07;902.8;0.9;27.15;21.74;
19/11/13;78.35;16.49;2013;323;21.16;0.03;902.2;1.06;26.39;20.98;
20/11/13;84.27;17.67;2013;324;19.47;0.08;903.2;0.79;26.13;21.22;
21/11/13;87.25;17.46;2013;325;14.22;0.32;904.1;0.81;25.53;20.84;
22/11/13;84.06;16.84;2013;326;19.74;0.26;903.9;1.03;26.34;21.2;
23/11/13;85.25;18.36;2013;327;12.99;2.6;903.5;1.19;25.31;21.21;
24/11/13;83.95;17.06;2013;328;13.15;3.9;904.2;1.86;25.05;20.15;
25/11/13;84.69;16.07;2013;329;16.92;1.05;903.9;1.39;25.49;20.14;
26/11/13;82.7;16.97;2013;330;16.91;1.1;903.1;0.66;26.76;21.25;
27/11/13;85.79;14.53;2013;331;11.95;2.43;904.3;3.3;21.94;18.63;
28/11/13;79.86;12.91;2013;332;12.14;0.41;905.9;4.7;19.48;15.56;
29/11/13;82.58;13.91;2013;333;8.42;1.09;906.2;4.31;20.44;16.47;
30/11/13;82.79;14.21;2013;334;10.89;0.58;905.4;3.6;21.45;17.4;
01/12/13;86.18;15.35;2013;335;12.14;1.89;904.7;2.47;23.93;18.99;
02/12/13;78.61;14.97;2013;336;18.18;0.04;903.7;0.85;26.23;20.17;
03/12/13;81.86;16.3;2013;337;17.74;0.0;903.7;1.1;25.43;19.93;
04/12/13;79.92;14.93;2013;338;20.55;0.0;903.9;0.76;26.52;20.4;
05/12/13;76.07;16.36;2013;339;18.65;0.0;904.1;0.8;26.84;20.75;
06/12/13;80.04;14.94;2013;340;18.45;0.07;904.1;1.07;26.87;20.64;
07/12/13;81.69;17.14;2013;341;15.14;1.49;905.1;1.37;26.63;21.37;
08/12/13;83.68;17.73;2013;342;10.56;0.8;905.2;1.3;25.4;20.6;
09/12/13;77.47;16.46;2013;343;18.48;1.28;904.9;1.18;26.1;20.42;
10/12/13;80.94;16.78;2013;344;16.35;1.49;905.3;1.46;25.07;20.06;
11/12/13;81.72;15.49;2013;345;10.5;1.55;905.6;1.97;25.34;19.8;
12/12/13;80.69;17.46;2013;346;12.32;0.9;905.3;2.02;26.09;20.7;
13/12/13;82.77;16.56;2013;347;16.14;0.78;903.7;1.91;24.15;19.85;
14/12/13;82.21;16.99;2013;348;17.06;0.04;903.2;1.3;25.24;20.32;
15/12/13;79.03;16.39;2013;349;17.32;0.92;903.9;1.57;26.85;20.97;
16/12/13;83.12;17.15;2013;350;8.57;4.11;904.9;2.42;23.19;19.74;
17/12/13;83.92;16.78;2013;351;11.17;4.17;905.6;2.49;22.76;19.05;
18/12/13;81.83;16.55;2013;352;7.89;1.32;905.5;2.72;24.11;19.18;
19/12/13;78.26;16.11;2013;353;17.18;0.19;904.7;2.08;25.38;19.57;
20/12/13;80.24;14.96;2013;354;16.92;0.1;903.6;1.14;25.05;19.81;
21/12/13;80.32;15.07;2013;355;19.68;0.57;903.4;1.1;26.79;20.66;
22/12/13;77.66;15.31;2013;356;20.34;0.09;903.7;1.22;27.04;20.62;
23/12/13;74.55;16.84;2013;357;17.16;0.43;905.6;1.36;26.73;20.67;
24/12/13;78.35;16.7;2013;358;17.57;1.05;906.0;2.42;25.12;19.97;
25/12/13;79.41;14.93;2013;359;12.22;2.25;905.1;2.3;24.13;18.66;
26/12/13;76.55;14.44;2013;360;13.63;0.33;905.0;1.62;25.72;19.32;
27/12/13;76.31;13.96;2013;361;17.44;0.08;905.0;1.4;26.43;19.92;
28/12/13;73.47;16.07;2013;362;16.24;0.33;904.4;1.41;26.8;20.59;
29/12/13;78.02;16.45;2013;363;10.93;0.83;903.7;1.33;27.23;21.03;
30/12/13;74.48;16.67;2013;364;15.99;0.27;904.2;1.33;27.4;20.91;
31/12/13;76.19;16.33;2013;365;16.39;1.02;905.0;1.7;26.3;20.43;
01/01/14;73.05;16.17;2014;1;18.1;0.73;904.1;1.5;26.93;20.49;
02/01/14;69.9;15.57;2014;2;20.05;0.19;903.4;1.4;26.74;20.05;
03/01/14;77.82;16.01;2014;3;11.0;0.68;903.7;2.24;26.0;19.91;
04/01/14;77.26;15.71;2014;4;12.95;0.65;903.7;1.56;26.41;20.38;
05/01/14;75.48;16.67;2014;5;15.58;0.22;903.6;0.8;27.68;21.49;
06/01/14;75.42;16.7;2014;6;16.83;0.68;904.9;2.01;27.14;20.96;
07/01/14;80.99;13.11;2014;7;9.2;5.07;905.8;3.88;21.35;17.37;
08/01/14;80.1;12.43;2014;8;11.26;1.65;906.2;3.58;21.25;15.94;
09/01/14;76.31;14.1;2014;9;14.28;0.56;905.3;1.98;26.18;19.3;
10/01/14;69.6;14.56;2014;10;21.0;0.05;904.1;1.44;27.08;20.03;
11/01/14;69.89;15.49;2014;11;21.03;0.0;904.9;1.27;27.62;20.73;
12/01/14;71.4;15.6;2014;12;17.58;0.0;905.4;1.42;27.27;20.93;
13/01/14;60.66;14.19;2014;13;21.41;0.0;904.8;1.08;27.7;19.93;
14/01/14;69.88;14.96;2014;14;18.04;0.55;904.7;1.33;27.58;20.68;
15/01/14;73.93;16.45;2014;15;11.92;3.86;904.7;2.19;26.76;20.77;
16/01/14;74.37;11.71;2014;16;14.04;0.94;905.1;4.31;19.81;14.82;
17/01/14;69.79;11.76;2014;17;20.96;0.09;905.3;2.75;25.86;17.78;
18/01/14;75.99;14.92;2014;18;15.62;0.76;906.1;3.29;24.16;18.44;
19/01/14;74.11;14.95;2014;19;13.06;0.96;906.9;2.97;25.34;18.95;
20/01/14;71.63;15.11;2014;20;14.21;0.8;905.6;3.0;25.72;19.22;
21/01/14;70.8;14.86;2014;21;18.04;0.22;904.9;1.97;27.24;20.36;
22/01/14;73.26;15.25;2014;22;11.83;0.86;905.5;3.55;24.86;18.78;
23/01/14;66.84;14.65;2014;23;21.76;0.26;905.5;2.05;28.37;20.56;
24/01/14;72.14;17.17;2014;24;12.59;0.94;906.4;2.42;27.03;21.12;
25/01/14;76.33;17.27;2014;25;8.55;3.34;905.8;2.46;26.77;20.6;
26/01/14;72.42;15.88;2014;26;15.52;0.92;904.3;1.69;27.63;20.82;
27/01/14;63.04;15.93;2014;27;22.08;0.01;903.0;0.85;29.49;21.66;
28/01/14;63.33;15.36;2014;28;21.4;0.01;903.5;1.15;29.24;21.49;
29/01/14;66.69;16.61;2014;29;17.94;0.31;903.5;1.08;29.17;21.99;
30/01/14;67.72;16.27;2014;30;18.11;0.3;904.3;1.82;27.8;21.09;
31/01/14;66.25;16.21;2014;31;16.8;0.06;903.2;1.56;28.49;21.29;
01/02/14;60.67;15.23;2014;32;17.8;0.01;903.2;1.28;28.68;21.18;
02/02/14;55.76;14.91;2014;33;22.39;0.0;902.9;0.57;29.8;21.6;
03/02/14;56.74;14.97;2014;34;20.26;0.0;903.0;0.7;29.95;21.87;
04/02/14;56.44;16.05;2014;35;20.46;0.0;902.8;0.93;30.08;22.41;
05/02/14;55.97;17.08;2014;36;19.67;0.0;903.2;0.63;30.58;22.63;
06/02/14;62.87;17.48;2014;37;18.57;0.15;904.0;1.0;29.38;22.46;
07/02/14;59.4;16.31;2014;38;21.25;0.32;904.3;1.84;29.0;21.76;
08/02/14;65.72;16.62;2014;39;15.79;1.39;904.6;1.93;28.26;21.75;
09/02/14;66.28;17.43;2014;40;18.04;2.51;904.1;1.96;28.71;21.96;
10/02/14;60.71;16.66;2014;41;20.1;0.73;903.5;1.62;29.51;22.21;
11/02/14;58.51;16.83;2014;42;21.56;0.04;903.0;0.8;30.81;23.1;
12/02/14;59.78;17.21;2014;43;20.6;1.02;902.7;0.52;31.95;23.86;
13/02/14;68.52;17.69;2014;44;12.12;1.72;903.5;2.0;28.81;22.19;
14/02/14;66.38;16.78;2014;45;20.08;1.11;904.3;1.46;29.23;22.34;
15/02/14;64.25;18.32;2014;46;17.96;0.31;905.5;2.09;29.37;22.92;
16/02/14;66.06;17.12;2014;47;16.63;0.97;905.5;2.6;28.9;21.85;
17/02/14;62.55;16.44;2014;48;18.78;0.43;905.0;2.38;29.82;22.2;
18/02/14;66.41;16.88;2014;49;16.26;1.46;904.4;1.7;29.6;22.33;
19/02/14;59.65;17.28;2014;50;19.49;0.35;903.3;1.13;30.2;22.81;
20/02/14;49.12;16.49;2014;51;24.35;0.0;903.1;0.97;31.61;23.05;
21/02/14;54.06;17.15;2014;52;23.11;1.26;902.9;1.22;32.05;23.75;
22/02/14;64.19;17.32;2014;53;20.82;2.99;903.6;1.27;30.18;22.86;
23/02/14;51.13;16.94;2014;54;24.4;0.13;903.9;1.15;31.69;23.11;
24/02/14;48.88;16.19;2014;55;24.54;0.04;903.3;1.07;32.29;23.3;
25/02/14;53.56;16.16;2014;56;20.94;0.13;903.4;1.3;31.07;23.06;
26/02/14;53.46;17.18;2014;57;23.91;0.0;902.1;0.89;32.09;23.72;
27/02/14;57.09;17.33;2014;58;21.65;0.0;902.6;0.37;31.47;23.77;
28/02/14;56.96;18.54;2014;59;24.67;0.01;904.2;0.37;32.44;24.16;
01/03/14;55.09;17.1;2014;60;21.99;0.0;905.3;1.77;32.13;23.45;
02/03/14;56.1;16.63;2014;61;22.76;0.0;904.5;1.63;31.32;23.21;
03/03/14;54.84;17.76;2014;62;21.63;0.01;903.1;0.6;32.03;23.83;
04/03/14;57.19;17.34;2014;63;20.43;0.02;903.3;1.0;30.79;23.54;
05/03/14;59.97;17.75;2014;64;21.33;0.04;903.4;1.17;31.0;23.74;
06/03/14;62.29;17.82;2014;65;18.16;0.55;903.9;0.62;30.67;23.66;
07/03/14;65.71;18.19;2014;66;19.81;1.65;904.2;1.21;29.98;23.14;
08/03/14;63.36;18.53;2014;67;20.93;4.36;904.8;0.87;31.04;23.71;
09/03/14;67.06;18.45;2014;68;22.16;5.65;905.5;0.49;31.0;23.81;
10/03/14;63.91;18.24;2014;69;18.56;0.36;904.6;0.88;31.5;24.09;
11/03/14;62.5;18.85;2014;70;22.71;0.2;902.6;1.23;32.31;24.6;
12/03/14;62.75;18.47;2014;71;23.66;0.56;902.5;0.8;32.01;24.73;
13/03/14;68.21;18.57;2014;72;8.03;4.59;904.3;2.18;29.79;23.23;
14/03/14;60.21;16.89;2014;73;15.685;3.95;905.0;1.99;30.37;22.68;
15/03/14;51.86;17.47;2014;74;23.34;0.01;903.2;0.83;32.48;24.21;
16/03/14;57.49;17.5;2014;75;21.97;0.0;900.9;1.73;32.12;23.88;
17/03/14;61.16;16.97;2014;76;21.91;0.08;900.9;1.06;31.2;23.82;
18/03/14;65.03;18.5;2014;77;16.58;0.09;902.7;1.18;29.9;23.6;
19/03/14;56.37;18.2;2014;78;24.48;0.02;902.7;1.12;33.51;24.98;
20/03/14;52.63;17.92;2014;79;24.64;0.27;903.3;1.33;33.08;24.62;
21/03/14;52.78;18.65;2014;80;22.15;0.14;903.9;1.62;32.99;24.77;
22/03/14;49.09;18.34;2014;81;23.92;0.0;904.2;1.21;33.85;25.04;
23/03/14;45.81;17.36;2014;82;26.3;0.01;904.8;1.02;34.27;24.87;
24/03/14;46.55;16.61;2014;83;26.34;0.0;904.0;1.11;33.86;24.71;
25/03/14;52.85;17.94;2014;84;22.78;0.27;903.9;0.86;34.09;25.37;
26/03/14;51.53;18.41;2014;85;25.79;0.36;905.2;1.78;33.66;25.04;
27/03/14;44.63;18.09;2014;86;26.9;0.52;905.2;1.3;33.94;25.15;
28/03/14;41.7;16.35;2014;87;27.3;0.0;903.8;1.4;34.94;25.48;
29/03/14;40.89;18.77;2014;88;26.88;0.0;903.4;0.96;36.15;26.17;
30/03/14;52.58;17.17;2014;89;25.89;0.01;904.4;1.8;33.32;24.67;
31/03/14;49.43;18.51;2014;90;24.9;0.1;904.1;1.75;34.02;25.48;
01/04/14;51.69;19.07;2014;91;22.88;0.17;903.9;1.32;33.9;25.85;
02/04/14;46.84;19.1;2014;92;23.85;0.01;903.9;1.09;34.44;26.17;
03/04/14;48.36;19.49;2014;93;22.26;0.0;903.0;1.18;34.34;26.18;
04/04/14;49.96;19.03;2014;94;22.59;0.0;902.4;0.97;34.55;26.37;
05/04/14;55.18;20.54;2014;95;22.68;0.02;902.3;0.81;33.45;26.13;
06/04/14;58.48;20.52;2014;96;22.07;0.0;901.7;1.64;32.56;25.45;
07/04/14;54.53;18.49;2014;97;25.95;0.0;902.2;1.85;32.9;24.42;
08/04/14;44.63;16.2;2014;98;22.43;1.17;903.3;1.15;36.06;25.62;
09/04/14;58.68;14.32;2014;99;25.17;0.12;906.2;4.9;26.63;20.4;
10/04/14;58.68;13.31;2014;100;22.9;0.02;906.1;3.93;29.46;20.62;
11/04/14;52.53;16.72;2014;101;25.36;0.04;905.0;2.54;32.46;23.74;
12/04/14;40.71;18.46;2014;102;26.62;0.21;903.3;1.5;33.75;24.91;
13/04/14;38.91;17.24;2014;103;27.0;0.28;902.1;1.22;34.61;24.99;
14/04/14;41.32;17.37;2014;104;25.63;0.0;901.3;1.46;33.87;24.95;
15/04/14;49.7;18.15;2014;105;24.68;0.02;902.1;0.85;33.34;25.22;
16/04/14;53.83;20.26;2014;106;21.69;0.06;902.7;1.78;32.31;25.39;
17/04/14;53.19;20.28;2014;107;17.6;0.08;902.8;1.36;31.44;25.3;
18/04/14;49.86;19.29;2014;108;23.12;0.19;902.8;1.09;33.21;25.71;
19/04/14;54.32;19.75;2014;109;21.41;0.25;903.7;2.17;32.9;25.34;
20/04/14;56.72;19.56;2014;110;18.34;0.76;904.6;2.11;33.11;25.25;
21/04/14;55.38;19.19;2014;111;20.96;0.22;903.8;1.86;33.51;25.66;
22/04/14;53.33;19.5;2014;112;20.9;0.1;902.7;1.22;33.6;25.99;
23/04/14;61.08;20.17;2014;113;20.6;0.23;903.0;1.03;29.4;24.35;
24/04/14;56.41;19.19;2014;114;20.68;0.15;903.1;0.88;32.34;25.4;
25/04/14;55.27;19.98;2014;115;20.65;0.03;903.1;0.56;33.69;26.35;
26/04/14;63.62;21.05;2014;116;19.01;0.19;902.9;0.92;31.81;25.24;
27/04/14;64.81;20.84;2014;117;20.97;1.19;902.0;0.99;31.02;25.03;
28/04/14;65.0;19.82;2014;118;22.33;0.74;901.3;1.68;31.57;25.16;
29/04/14;67.44;20.39;2014;119;22.51;0.32;900.7;1.6;31.96;25.27;
30/04/14;68.88;20.97;2014;120;18.53;4.17;902.2;1.17;31.04;24.81;
01/05/14;77.35;20.47;2014;121;21.28;9.67;902.3;0.84;28.59;23.43;
02/05/14;75.35;20.0;2014;122;13.89;4.01;902.2;0.87;28.5;23.41;
03/05/14;80.52;20.01;2014;123;12.21;7.0;904.2;0.43;26.95;22.62;
04/05/14;72.29;19.96;2014;124;11.58;3.85;905.2;1.48;29.45;23.76;
05/05/14;66.2;19.24;2014;125;20.58;0.55;904.2;1.62;31.24;24.25;
06/05/14;72.25;19.66;2014;126;21.44;5.69;902.7;1.06;31.7;24.33;
07/05/14;79.05;20.34;2014;127;18.04;16.13;903.5;1.17;29.19;23.73;
08/05/14;78.67;20.42;2014;128;16.04;7.34;904.4;1.22;30.08;23.88;
09/05/14;74.02;19.91;2014;129;17.79;3.98;904.0;1.06;30.5;24.26;
10/05/14;78.82;20.06;2014;130;15.09;7.77;903.6;1.47;28.07;23.1;
11/05/14;76.72;19.25;2014;131;20.32;2.91;902.2;1.09;28.83;23.19;
12/05/14;73.08;19.87;2014;132;19.99;1.63;901.8;0.61;28.6;23.4;
13/05/14;69.22;18.87;2014;133;20.53;1.92;901.4;0.59;30.34;23.81;
14/05/14;71.85;18.89;2014;134;17.22;5.15;902.4;0.49;30.5;23.81;
15/05/14;73.3;19.81;2014;135;17.73;1.42;904.4;1.61;28.16;23.01;
16/05/14;70.76;18.27;2014;136;13.35;2.89;904.5;3.01;28.67;22.53;
17/05/14;72.61;19.3;2014;137;12.59;2.71;903.6;1.98;28.75;22.97;
18/05/14;67.89;18.72;2014;138;17.98;0.3;903.3;1.59;30.62;23.76;
19/05/14;69.09;19.67;2014;139;14.55;1.93;903.8;1.41;30.14;23.96;
20/05/14;71.78;19.45;2014;140;20.1;4.1;904.1;1.26;30.32;23.76;
21/05/14;73.31;19.32;2014;141;13.88;3.83;903.9;1.03;29.19;23.46;
22/05/14;73.74;19.81;2014;142;14.16;6.9;903.8;1.07;29.27;23.51;
23/05/14;68.82;19.47;2014;143;16.04;2.51;904.1;1.11;30.69;24.0;
24/05/14;64.5;18.81;2014;144;22.04;0.86;903.8;1.16;31.36;24.46;
25/05/14;57.85;18.96;2014;145;21.56;1.67;903.4;0.96;32.52;25.09;
26/05/14;68.72;19.7;2014;146;20.79;3.14;904.1;1.03;30.48;24.44;
27/05/14;53.69;19.36;2014;147;25.15;2.08;903.8;1.03;32.89;25.22;
28/05/14;57.98;18.59;2014;148;23.01;0.25;903.1;1.01;32.91;25.41;
29/05/14;76.57;20.52;2014;149;20.51;3.19;902.8;0.8;28.4;23.66;
30/05/14;84.74;20.36;2014;150;13.84;7.64;902.3;0.8;24.99;22.24;
31/05/14;79.19;19.49;2014;151;21.65;10.53;901.8;1.31;28.25;22.73;
01/06/14;84.95;19.38;2014;152;15.37;12.12;901.3;0.96;26.58;22.01;
02/06/14;83.32;19.15;2014;153;8.87;7.54;901.7;1.17;26.24;22.1;
03/06/14;84.31;19.07;2014;154;18.52;11.21;901.4;1.01;27.11;22.64;
04/06/14;89.53;20.28;2014;155;15.68;13.66;900.6;1.0;25.29;22.23;
05/06/14;78.13;19.32;2014;156;21.37;4.49;900.7;0.76;27.95;23.09;
06/06/14;76.34;18.76;2014;157;19.96;2.44;901.6;0.66;28.09;23.19;
07/06/14;83.45;19.55;2014;158;21.66;9.09;902.6;0.67;26.94;22.63;
08/06/14;82.5;19.07;2014;159;17.56;5.18;903.7;1.05;25.09;21.81;
09/06/14;82.4;18.83;2014;160;16.72;11.64;903.3;0.56;25.81;22.17;
10/06/14;79.06;19.05;2014;161;22.17;7.13;903.5;0.7;28.31;23.03;
11/06/14;86.83;19.83;2014;162;17.52;1.16;903.6;0.5;25.63;22.17;
12/06/14;79.08;19.61;2014;163;22.09;1.52;903.2;0.69;27.76;23.27;
13/06/14;81.72;20.16;2014;164;14.4;6.62;903.0;0.74;26.44;22.55;
14/06/14;82.63;19.93;2014;165;18.81;3.98;902.9;0.96;26.92;22.68;
15/06/14;81.63;18.29;2014;166;18.76;9.08;903.2;1.11;27.31;22.3;
16/06/14;81.18;17.08;2014;167;12.13;6.99;903.8;1.33;26.06;20.96;
17/06/14;78.3;17.36;2014;168;19.34;2.59;904.3;1.27;28.19;22.25;
18/06/14;80.47;18.79;2014;169;21.23;5.24;904.0;0.85;27.4;22.64;
19/06/14;81.08;18.51;2014;170;16.46;4.65;904.0;1.07;27.23;22.48;
20/06/14;72.63;19.49;2014;171;19.15;0.04;903.9;0.81;28.66;23.38;
21/06/14;73.74;19.47;2014;172;21.73;1.45;903.6;0.74;28.87;23.42;
22/06/14;76.57;19.05;2014;173;20.51;12.38;903.3;0.75;28.99;23.63;
23/06/14;81.6;19.97;2014;174;22.48;13.85;904.6;0.91;27.52;23.0;
24/06/14;81.48;18.13;2014;175;9.6;6.3;905.5;1.25;27.49;22.55;
25/06/14;67.88;18.43;2014;176;26.72;0.3;905.3;1.17;29.38;23.18;
26/06/14;71.77;17.11;2014;177;22.14;0.98;904.5;1.06;28.81;22.85;
27/06/14;79.33;19.29;2014;178;20.48;2.37;904.2;1.32;28.07;23.11;
28/06/14;72.14;18.29;2014;179;23.65;0.04;905.4;1.39;28.72;23.23;
29/06/14;71.82;18.05;2014;180;24.67;0.11;905.7;1.3;29.22;23.09;
30/06/14;76.96;19.61;2014;181;20.81;1.58;904.6;1.04;27.59;23.11;
01/07/14;73.19;19.06;2014;182;24.24;2.51;903.8;1.05;29.34;23.39;
02/07/14;72.44;18.18;2014;183;22.72;0.8;904.2;0.93;28.88;23.14;
03/07/14;78.53;19.42;2014;184;13.34;9.89;905.1;0.98;26.22;22.53;
04/07/14;70.63;17.55;2014;185;25.51;2.84;905.5;1.23;29.54;23.08;
05/07/14;74.14;18.66;2014;186;20.74;0.9;905.2;1.2;28.86;23.48;
06/07/14;67.52;18.84;2014;187;22.95;0.25;904.6;1.09;29.49;23.46;
07/07/14;57.86;16.44;2014;188;27.54;0.13;905.2;1.27;30.16;22.92;
08/07/14;69.35;18.34;2014;189;20.58;0.01;905.5;1.48;30.82;24.18;
09/07/14;59.28;17.68;2014;190;26.77;0.0;905.1;1.79;30.38;23.49;
10/07/14;61.73;16.8;2014;191;22.76;0.0;904.0;1.78;30.81;23.29;
11/07/14;63.58;17.86;2014;192;23.9;0.16;903.9;1.64;31.53;24.18;
12/07/14;67.43;19.16;2014;193;21.41;0.88;904.2;1.72;29.99;24.08;
13/07/14;73.05;19.93;2014;194;20.49;6.83;904.4;1.91;28.22;23.01;
14/07/14;77.22;19.22;2014;195;18.58;6.69;905.1;1.12;28.43;22.87;
15/07/14;62.59;18.37;2014;196;26.57;0.1;904.9;1.42;31.23;23.91;
16/07/14;58.5;18.15;2014;197;26.21;0.07;904.8;1.04;31.9;24.58;
17/07/14;64.05;19.5;2014;198;24.31;0.07;905.2;1.14;31.69;25.16;
18/07/14;60.81;20.11;2014;199;26.43;0.0;904.9;1.29;32.64;25.57;
19/07/14;59.47;19.53;2014;200;24.33;0.0;904.7;1.41;31.96;25.18;
20/07/14;56.38;18.48;2014;201;22.975;0.11;904.4;1.43;33.01;25.47;
21/07/14;69.96;20.39;2014;202;21.62;2.21;904.3;1.63;29.68;24.42;
22/07/14;67.58;19.4;2014;203;16.11;2.34;903.6;2.1;31.62;24.62;
23/07/14;61.31;18.96;2014;204;23.26;0.45;904.0;1.96;31.61;24.78;
24/07/14;58.64;18.88;2014;205;24.89;0.47;903.6;1.81;31.86;24.57;
25/07/14;69.75;19.68;2014;206;17.15;4.19;904.4;1.72;30.72;24.32;
26/07/14;69.36;20.49;2014;207;22.04;2.92;904.7;1.42;30.28;24.19;
27/07/14;66.93;19.17;2014;208;22.32;2.51;905.2;1.66;31.22;24.32;
28/07/14;73.28;19.49;2014;209;19.15;5.65;905.7;1.78;29.48;23.37;
29/07/14;56.97;17.39;2014;210;16.75;1.13;905.5;1.75;31.67;23.83;
30/07/14;58.1;18.12;2014;211;26.76;0.35;905.4;1.71;32.3;24.78;
31/07/14;57.46;19.89;2014;212;25.39;0.05;904.4;1.45;31.81;25.14;
01/08/14;59.8;19.98;2014;213;24.06;0.01;903.7;1.15;32.12;25.14;
02/08/14;60.99;19.46;2014;214;22.95;1.88;903.6;0.92;32.05;24.88;
03/08/14;69.18;19.9;2014;215;24.14;4.9;903.9;0.96;29.34;23.73;
04/08/14;70.16;19.71;2014;216;19.57;1.35;904.7;0.82;28.3;23.37;
05/08/14;74.29;19.86;2014;217;23.77;2.66;905.7;0.94;28.43;23.52;
06/08/14;61.76;19.34;2014;218;24.96;2.56;905.5;1.27;32.59;25.01;
07/08/14;75.29;20.38;2014;219;21.06;7.46;904.5;1.09;30.52;23.94;
08/08/14;74.17;19.89;2014;220;23.5;6.72;904.5;1.01;28.9;23.7;
09/08/14;75.78;18.93;2014;221;18.9;12.44;904.7;0.81;28.39;22.86;
10/08/14;76.61;19.17;2014;222;20.56;15.72;904.5;0.86;28.79;23.17;
11/08/14;79.69;18.93;2014;223;22.58;11.15;904.6;0.79;28.24;22.98;
12/08/14;77.35;19.5;2014;224;19.89;5.47;904.8;0.82;27.92;22.98;
13/08/14;66.44;18.29;2014;225;25.81;0.12;904.7;1.15;30.25;23.84;
14/08/14;66.76;19.07;2014;226;20.73;3.0;904.8;1.74;29.48;23.28;
15/08/14;64.24;17.28;2014;227;24.96;2.25;904.5;1.64;30.04;23.21;
16/08/14;74.66;18.28;2014;228;21.18;8.68;904.8;1.25;29.43;23.25;
17/08/14;69.71;19.61;2014;229;26.54;2.33;904.6;1.23;30.32;23.99;
18/08/14;72.62;19.11;2014;230;21.89;0.91;903.4;1.22;30.46;24.06;
19/08/14;71.19;19.49;2014;231;22.65;2.37;903.2;1.18;30.77;24.01;
20/08/14;70.06;16.87;2014;232;14.27;3.45;904.7;1.46;27.43;22.0;
21/08/14;63.18;17.05;2014;233;25.23;0.18;905.4;1.06;30.17;23.47;
22/08/14;64.08;19.06;2014;234;24.27;0.36;904.4;0.98;30.38;23.89;
23/08/14;63.94;18.73;2014;235;25.32;1.15;903.1;0.78;31.47;24.36;
24/08/14;75.79;19.72;2014;236;23.85;2.1;902.4;0.75;27.03;22.72;
25/08/14;65.85;18.43;2014;237;22.06;2.01;902.1;0.83;30.25;23.49;
26/08/14;68.11;17.82;2014;238;23.42;5.43;902.7;0.72;30.77;23.53;
27/08/14;84.48;19.04;2014;239;23.45;12.24;903.1;1.05;26.54;22.24;
28/08/14;86.87;18.26;2014;240;22.0;45.75;903.0;0.7;24.97;21.4;
29/08/14;85.63;19.19;2014;241;16.7;11.14;902.8;1.05;25.96;21.79;
30/08/14;88.97;19.17;2014;242;18.29;11.06;903.3;1.15;24.73;21.23;
31/08/14;85.48;18.47;2014;243;14.54;15.23;904.3;0.77;24.78;21.19;
01/09/14;76.54;17.99;2014;244;23.93;1.11;904.3;0.73;27.57;22.5;
02/09/14;81.25;18.74;2014;245;23.12;5.71;903.6;1.07;27.51;22.62;
03/09/14;81.33;17.67;2014;246;23.05;7.99;903.1;0.98;27.65;22.33;
04/09/14;79.75;18.25;2014;247;21.37;10.31;904.1;1.11;27.73;22.13;
05/09/14;81.48;16.15;2014;248;17.58;4.28;903.9;0.94;26.42;21.14;
06/09/14;88.52;17.88;2014;249;12.94;7.87;903.0;1.03;23.46;20.21;
07/09/14;84.43;17.16;2014;250;18.91;13.24;902.5;0.73;26.63;21.53;
08/09/14;83.17;18.19;2014;251;23.41;7.68;903.1;0.87;27.49;22.33;
09/09/14;84.21;19.21;2014;252;18.68;9.68;903.3;0.63;26.25;22.17;
10/09/14;93.83;19.58;2014;253;16.16;22.9;902.1;0.77;22.83;21.06;
11/09/14;90.34;19.02;2014;254;17.16;9.37;902.1;0.81;24.09;20.94;
12/09/14;83.22;18.56;2014;255;18.82;6.78;902.0;1.0;26.31;21.77;
13/09/14;84.07;17.85;2014;256;19.47;7.88;902.3;0.87;26.56;21.77;
14/09/14;87.89;18.82;2014;257;18.62;8.47;903.2;0.9;26.05;21.78;
15/09/14;90.56;18.46;2014;258;10.95;7.31;905.0;1.17;22.89;20.22;
16/09/14;85.08;18.36;2014;259;15.56;4.96;905.5;0.62;26.33;21.69;
17/09/14;76.85;17.83;2014;260;23.33;0.43;904.5;0.62;28.13;22.59;
18/09/14;83.08;18.47;2014;261;23.2;3.52;903.4;0.57;27.66;22.51;
19/09/14;87.97;18.78;2014;262;17.49;10.82;903.8;1.26;25.49;21.47;
20/09/14;88.18;18.65;2014;263;21.89;11.87;903.5;1.08;25.56;21.4;
21/09/14;87.38;18.18;2014;264;22.89;7.02;904.2;0.82;26.41;21.86;
22/09/14;85.67;19.36;2014;265;24.21;10.49;904.1;0.51;26.61;22.27;
23/09/14;84.49;18.9;2014;266;21.67;8.99;903.3;0.85;26.45;21.78;
24/09/14;89.72;18.55;2014;267;10.67;13.64;902.6;1.1;25.29;21.24;
25/09/14;90.97;19.18;2014;268;14.09;22.21;903.1;0.73;23.77;21.06;
26/09/14;90.22;19.02;2014;269;12.55;13.87;902.0;0.89;25.37;21.63;
27/09/14;89.17;19.53;2014;270;19.74;5.88;901.8;1.07;25.52;21.87;
28/09/14;89.19;18.85;2014;271;16.99;6.14;902.3;0.58;25.4;21.85;
29/09/14;88.7;19.54;2014;272;20.14;4.64;902.2;0.59;24.93;21.75;
30/09/14;88.04;19.15;2014;273;12.8;2.28;902.5;0.68;25.03;21.64;
01/10/14;84.01;18.9;2014;274;14.01;0.35;903.1;0.82;25.57;21.93;
02/10/14;79.03;17.77;2014;275;23.66;0.26;903.8;1.01;28.45;22.77;
03/10/14;80.59;17.76;2014;276;24.34;0.01;904.6;1.02;27.9;22.63;
04/10/14;82.03;18.12;2014;277;23.54;2.58;903.9;0.99;27.83;22.51;
05/10/14;81.94;18.46;2014;278;23.45;3.21;903.3;0.9;27.01;22.11;
06/10/14;78.71;17.4;2014;279;25.17;0.11;903.2;0.86;27.77;22.11;
07/10/14;84.25;18.88;2014;280;20.27;2.46;902.9;0.75;26.49;22.25;
08/10/14;88.81;19.13;2014;281;17.54;14.13;902.3;1.12;24.69;21.31;
09/10/14;89.63;16.88;2014;282;8.47;7.24;902.1;1.3;23.15;19.75;
10/10/14;91.01;18.01;2014;283;14.21;6.0;901.7;1.01;23.52;20.4;
11/10/14;88.73;18.24;2014;284;16.75;8.46;902.4;0.99;24.66;20.82;
12/10/14;92.61;18.11;2014;285;12.83;15.96;902.3;0.88;24.17;20.77;
13/10/14;90.97;18.71;2014;286;13.52;19.82;902.2;1.11;25.41;21.36;
14/10/14;88.7;18.63;2014;287;15.66;23.58;902.3;0.96;26.29;21.89;
15/10/14;94.28;18.33;2014;288;13.8;24.57;903.4;1.08;23.23;20.6;
16/10/14;84.95;17.67;2014;289;14.87;7.92;904.5;0.43;25.56;21.17;
17/10/14;87.89;18.6;2014;290;15.46;4.51;904.2;0.56;25.87;21.68;
18/10/14;89.89;19.13;2014;291;14.2;3.7;903.4;0.64;24.92;21.47;
19/10/14;92.26;19.38;2014;292;13.03;12.3;902.5;0.76;23.98;21.16;
20/10/14;89.95;18.83;2014;293;16.43;4.66;901.8;1.06;24.68;21.17;
21/10/14;88.63;17.79;2014;294;16.75;1.42;901.3;1.49;25.2;20.85;
22/10/14;90.66;18.12;2014;295;13.87;3.06;902.1;1.3;24.21;20.66;
23/10/14;89.73;18.08;2014;296;15.0;0.2;902.3;1.18;25.44;21.19;
24/10/14;85.53;18.64;2014;297;14.25;11.57;902.7;0.56;27.31;22.15;
25/10/14;89.48;16.82;2014;298;6.57;9.18;903.9;2.09;23.68;20.21;
26/10/14;84.14;15.75;2014;299;18.34;0.8;903.6;2.35;23.6;18.8;
27/10/14;83.42;15.35;2014;300;19.06;0.0;903.7;1.21;25.3;19.95;
28/10/14;86.0;16.36;2014;301;20.66;0.07;903.6;0.74;26.14;20.92;
29/10/14;88.26;18.93;2014;302;16.51;2.21;903.4;0.6;24.48;21.15;
30/10/14;89.39;18.51;2014;303;11.86;11.66;902.4;0.97;24.38;20.9;
31/10/14;88.12;18.0;2014;304;15.12;16.12;903.2;1.23;23.24;20.08;
01/11/14;87.87;17.54;2014;305;10.52;6.82;905.1;2.04;24.43;20.17;
02/11/14;86.32;16.81;2014;306;11.59;4.85;905.8;3.02;23.92;19.61;
03/11/14;86.25;15.96;2014;307;12.14;2.92;905.7;3.41;23.18;18.6;
04/11/14;87.03;16.44;2014;308;12.02;2.01;904.0;2.33;25.46;20.32;
05/11/14;84.91;16.61;2014;309;19.97;0.78;904.3;2.06;25.29;20.08;
06/11/14;81.86;14.93;2014;310;20.92;0.14;905.0;2.04;24.48;18.96;
07/11/14;85.09;14.79;2014;311;14.07;0.62;904.1;1.88;24.95;19.25;
08/11/14;80.53;13.91;2014;312;18.78;0.01;903.1;1.12;25.01;19.03;
09/11/14;82.01;14.33;2014;313;22.3;0.05;903.7;1.17;24.61;19.01;
10/11/14;85.36;15.15;2014;314;16.37;0.09;904.2;1.19;24.46;19.07;
11/11/14;84.6;15.26;2014;315;20.69;0.02;903.6;0.7;26.1;20.34;
12/11/14;86.48;16.92;2014;316;19.59;0.86;903.7;0.57;26.32;21.14;
13/11/14;85.55;16.94;2014;317;13.04;0.73;904.4;1.16;24.8;20.34;
14/11/14;83.8;15.64;2014;318;12.08;0.17;904.7;2.53;24.21;19.13;
15/11/14;85.83;15.83;2014;319;11.35;0.51;905.5;2.07;24.44;19.5;
16/11/14;83.28;16.47;2014;320;21.2;0.07;905.4;1.23;26.23;20.89;
17/11/14;83.14;16.45;2014;321;17.83;0.85;904.6;0.8;26.37;21.28;
18/11/14;88.5;17.67;2014;322;13.75;6.65;904.7;1.37;25.48;20.97;
19/11/14;88.12;17.43;2014;323;12.56;8.71;904.9;2.72;24.56;20.24;
20/11/14;87.12;17.82;2014;324;10.4;7.15;904.3;1.72;25.34;20.81;
21/11/14;84.06;17.02;2014;325;17.29;0.37;904.8;1.64;25.7;20.68;
22/11/14;84.69;17.33;2014;326;14.28;1.16;904.5;1.13;25.34;20.9;
23/11/14;79.23;16.98;2014;327;21.11;0.64;902.6;0.81;26.91;21.43;
24/11/14;82.27;17.55;2014;328;16.67;1.1;903.0;0.65;27.1;21.83;
25/11/14;86.03;17.89;2014;329;19.72;7.58;903.6;0.83;26.71;22.01;
26/11/14;86.24;17.09;2014;330;8.89;7.68;904.9;2.91;24.21;20.39;
27/11/14;85.04;14.82;2014;331;10.27;3.09;905.4;4.39;20.1;16.89;
28/11/14;84.54;15.23;2014;332;10.68;1.27;904.6;4.39;21.57;17.55;
29/11/14;84.08;15.45;2014;333;12.4;0.93;904.7;3.3;22.71;18.03;
30/11/14;84.81;15.77;2014;334;15.87;0.37;904.0;2.29;24.98;19.66;
01/12/14;83.83;17.42;2014;335;13.0;2.08;904.0;1.92;25.47;20.72;
02/12/14;85.22;16.52;2014;336;14.54;3.69;903.1;2.81;24.31;19.85;
03/12/14;83.94;15.26;2014;337;13.35;1.56;903.3;3.0;23.34;18.4;
04/12/14;83.38;15.15;2014;338;13.96;0.65;903.9;2.54;24.39;18.92;
05/12/14;84.72;16.26;2014;339;14.72;1.31;904.9;2.0;24.22;19.32;
06/12/14;85.5;17.0;2014;340;10.07;6.87;905.2;2.47;25.18;20.21;
07/12/14;82.87;15.54;2014;341;15.16;3.72;905.0;3.28;22.84;18.26;
08/12/14;82.07;14.79;2014;342;11.78;1.4;904.8;2.94;23.46;18.03;
09/12/14;83.84;14.48;2014;343;9.79;1.67;905.0;2.53;23.73;18.37;
10/12/14;82.34;15.65;2014;344;11.59;0.69;905.0;2.51;23.24;18.54;
11/12/14;81.33;15.0;2014;345;12.93;1.09;906.1;2.13;23.85;18.44;
12/12/14;81.2;14.29;2014;346;12.61;1.51;907.3;2.49;23.6;18.03;
13/12/14;82.75;14.68;2014;347;12.29;1.26;906.1;2.25;23.03;17.92;
14/12/14;81.85;14.63;2014;348;13.07;0.78;904.4;1.56;23.89;18.52;
15/12/14;79.78;14.1;2014;349;17.35;0.01;904.4;1.4;24.9;18.64;
16/12/14;80.05;13.59;2014;350;15.92;0.03;906.4;1.66;24.21;18.41;
17/12/14;78.62;14.85;2014;351;18.62;0.01;906.7;2.16;23.98;18.61;
18/12/14;76.83;15.31;2014;352;18.3;0.0;905.1;1.69;25.45;19.25;
19/12/14;80.1;14.97;2014;353;18.27;0.01;904.1;0.95;26.67;20.29;
20/12/14;80.67;16.83;2014;354;16.26;0.1;904.5;0.98;26.42;21.03;
21/12/14;74.5;15.43;2014;355;19.86;0.02;904.5;1.2;25.57;19.77;
22/12/14;71.31;14.53;2014;356;20.4;0.0;902.5;0.99;26.23;19.78;
23/12/14;75.45;13.95;2014;357;19.06;0.0;901.4;1.13;25.94;19.51;
24/12/14;79.01;15.67;2014;358;19.5;0.22;903.0;0.88;27.25;20.92;
25/12/14;81.51;16.31;2014;359;9.88;1.17;905.2;2.71;24.08;19.61;
26/12/14;75.8;15.57;2014;360;19.63;0.14;904.5;2.18;25.49;19.13;
27/12/14;79.76;13.73;2014;361;16.85;0.07;905.1;1.32;26.48;19.68;
28/12/14;76.99;16.5;2014;362;19.55;0.02;905.0;1.2;27.25;21.02;
29/12/14;77.11;16.32;2014;363;18.4;0.01;905.4;1.27;26.97;20.77;
30/12/14;77.94;14.57;2014;364;19.66;0.17;906.0;1.79;26.21;20.24;
31/12/14;77.65;15.62;2014;365;9.9;0.32;905.8;2.18;26.18;20.03;
01/01/15;77.59;13.98;2015;1;17.54;0.44;905.0;1.96;26.38;19.68;
02/01/15;76.06;15.97;2015;2;12.54;0.46;904.9;1.76;26.02;20.34;
03/01/15;77.68;16.25;2015;3;17.72;0.34;904.6;1.53;27.27;21.15;
04/01/15;74.98;16.11;2015;4;17.49;0.11;906.1;1.67;27.41;21.05;
05/01/15;76.21;16.13;2015;5;17.08;0.79;906.9;2.95;25.93;20.42;
06/01/15;76.12;15.53;2015;6;15.95;1.89;906.2;3.32;25.35;19.63;
07/01/15;77.39;15.06;2015;7;12.76;1.52;905.7;3.27;24.32;18.93;
08/01/15;74.12;15.18;2015;8;17.75;0.28;905.8;3.19;23.77;18.47;
09/01/15;75.56;14.45;2015;9;15.99;0.38;905.5;2.73;24.22;18.78;
10/01/15;74.55;15.35;2015;10;15.96;0.3;905.5;2.45;25.51;19.61;
11/01/15;74.19;15.31;2015;11;15.76;0.1;905.5;1.44;27.01;20.46;
12/01/15;75.83;16.4;2015;12;19.18;0.4;905.3;1.66;26.91;20.64;
13/01/15;77.34;16.72;2015;13;14.31;1.34;905.3;2.14;26.36;20.8;
14/01/15;75.98;17.02;2015;14;17.01;1.01;904.8;2.39;26.56;20.88;
15/01/15;75.57;17.07;2015;15;13.68;1.01;905.7;2.28;26.99;20.99;
16/01/15;75.99;17.21;2015;16;11.26;1.62;906.6;2.83;25.94;20.47;
17/01/15;75.42;16.29;2015;17;14.0;0.75;906.6;2.52;25.46;19.77;
18/01/15;76.81;15.71;2015;18;14.65;1.44;906.9;2.49;25.17;19.34;
19/01/15;73.93;15.95;2015;19;13.67;1.24;906.0;2.15;25.84;19.93;
20/01/15;70.73;15.32;2015;20;19.96;0.0;904.5;0.9;27.47;20.82;
21/01/15;70.27;16.46;2015;21;17.22;0.0;904.6;0.91;27.56;21.21;
22/01/15;66.71;15.9;2015;22;16.04;0.0;905.4;0.86;27.19;20.79;
23/01/15;67.12;16.28;2015;23;20.84;0.03;904.7;0.53;27.41;21.04;
24/01/15;73.49;16.43;2015;24;10.46;0.77;905.0;2.35;26.19;20.65;
25/01/15;75.92;15.35;2015;25;10.29;1.02;904.6;2.57;24.26;18.84;
26/01/15;75.26;14.45;2015;26;12.39;0.68;905.8;3.61;24.01;18.01;
27/01/15;72.32;13.75;2015;27;13.43;0.39;906.3;3.59;23.41;17.56;
28/01/15;67.92;13.29;2015;28;16.63;0.19;905.7;3.57;23.28;17.15;
29/01/15;69.4;14.59;2015;29;13.41;0.56;905.1;3.52;24.02;17.98;
30/01/15;72.5;14.64;2015;30;12.44;0.38;905.8;3.37;25.23;18.75;
31/01/15;71.34;15.35;2015;31;16.03;0.33;904.9;2.52;26.7;20.0;
01/02/15;58.87;14.63;2015;32;22.06;0.0;904.3;0.94;28.89;21.05;
02/02/15;64.85;15.98;2015;33;21.71;0.0;904.4;1.29;29.01;21.91;
03/02/15;63.16;16.43;2015;34;18.92;0.03;905.0;2.01;28.57;21.71;
04/02/15;57.75;16.0;2015;35;22.94;0.06;903.3;1.42;29.01;21.24;
05/02/15;69.0;16.07;2015;36;18.74;0.48;904.3;2.17;27.83;20.72;
06/02/15;74.24;15.25;2015;37;12.38;2.46;905.8;3.46;25.94;19.55;
07/02/15;74.8;15.38;2015;38;12.84;1.64;905.8;3.22;23.99;18.44;
08/02/15;65.44;14.96;2015;39;21.46;0.0;905.2;1.27;26.8;20.23;
09/02/15;65.53;16.56;2015;40;21.49;0.0;903.9;0.69;28.92;21.99;
10/02/15;65.06;15.97;2015;41;21.82;0.0;903.3;1.47;26.94;20.49;
11/02/15;62.53;14.37;2015;42;22.09;0.0;903.8;0.84;28.09;20.54;
12/02/15;64.27;15.32;2015;43;14.54;0.11;904.9;1.15;28.4;21.19;
13/02/15;67.75;15.28;2015;44;16.98;1.16;906.7;3.41;25.95;19.58;
14/02/15;69.7;14.42;2015;45;15.87;1.07;906.8;3.96;23.31;17.63;
15/02/15;62.63;14.26;2015;46;22.01;0.7;905.7;2.88;27.08;19.36;
16/02/15;49.43;13.49;2015;47;24.11;0.0;903.9;1.42;30.52;21.29;
17/02/15;51.65;15.18;2015;48;24.03;0.0;903.6;0.87;31.76;22.92;
18/02/15;68.84;16.63;2015;49;14.15;0.32;906.1;2.89;27.75;21.08;
19/02/15;72.82;16.16;2015;50;11.13;3.48;906.1;4.2;26.98;20.38;
20/02/15;69.0;14.64;2015;51;14.73;2.26;905.6;3.13;26.65;19.43;
21/02/15;59.39;14.07;2015;52;22.41;0.22;904.3;1.26;30.44;21.81;
22/02/15;58.52;16.08;2015;53;23.53;0.01;904.0;1.38;31.45;22.95;
23/02/15;63.92;16.66;2015;54;20.75;0.73;905.3;2.09;30.68;22.9;
24/02/15;61.29;16.87;2015;55;22.77;0.49;904.7;1.99;30.16;22.62;
25/02/15;60.54;17.53;2015;56;20.43;0.02;903.1;1.26;30.82;23.28;
26/02/15;61.09;16.56;2015;57;21.41;0.83;902.5;0.69;31.34;23.24;
27/02/15;63.35;18.01;2015;58;20.26;0.45;903.5;1.56;30.42;23.27;
28/02/15;57.78;16.88;2015;59;21.3;0.31;905.2;1.96;30.72;22.81;
01/03/15;56.1;16.56;2015;60;22.68;0.21;906.2;2.18;30.81;22.85;
02/03/15;59.5;17.53;2015;61;18.96;0.34;905.5;2.58;30.79;23.03;
03/03/15;60.2;17.02;2015;62;21.4;0.0;903.8;2.06;30.51;23.04;
04/03/15;50.38;16.95;2015;63;24.66;0.0;902.9;1.18;31.9;23.87;
05/03/15;54.08;16.6;2015;64;22.24;0.07;903.5;1.41;32.39;24.31;
